index,date,open,high,low,close,volume
0,"2020/08/30, 17:00:00",99.985,99.985,99.985,99.985,0.0
1,"2020/08/31, 17:00:00",99.99,99.99,99.99,99.99,0.0
2,"2020/09/01, 17:00:00",99.985,99.985,99.985,99.985,0.0
3,"2020/09/02, 17:00:00",99.995,99.995,99.995,99.995,0.0
4,"2020/09/03, 17:00:00",99.975,99.975,99.975,99.975,0.0
5,"2020/09/06, 17:00:00",99.985,99.985,99.985,99.985,0.0
6,"2020/09/08, 17:00:00",99.98,99.98,99.98,99.98,0.0
7,"2020/09/09, 17:00:00",99.99,99.99,99.99,99.99,0.0
8,"2020/09/10, 17:00:00",100.005,100.005,100.005,100.005,0.0
9,"2020/09/13, 17:00:00",100.0,100.0,100.0,100.0,0.0
10,"2020/09/14, 17:00:00",99.995,99.995,99.995,99.995,0.0
11,"2020/09/15, 17:00:00",99.985,99.985,99.985,99.985,0.0
12,"2020/09/16, 17:00:00",99.99,99.99,99.99,99.99,0.0
13,"2020/09/17, 17:00:00",99.985,99.985,99.985,99.985,0.0
14,"2020/09/20, 17:00:00",99.985,99.985,99.985,99.985,0.0
15,"2020/09/21, 17:00:00",99.995,99.995,99.995,99.995,0.0
16,"2020/09/22, 17:00:00",99.985,99.985,99.985,99.985,0.0
17,"2020/09/23, 17:00:00",99.985,99.985,99.985,99.985,0.0
18,"2020/09/24, 17:00:00",99.985,99.985,99.985,99.985,0.0
19,"2020/09/27, 17:00:00",99.98,99.98,99.98,99.98,0.0
20,"2020/09/28, 17:00:00",99.98,99.98,99.98,99.98,0.0
21,"2020/09/29, 17:00:00",99.98,99.98,99.98,99.98,0.0
22,"2020/09/30, 17:00:00",99.98,99.98,99.98,99.98,0.0
23,"2020/10/01, 17:00:00",99.98,99.98,99.98,99.98,0.0
24,"2020/10/04, 17:00:00",99.96,99.96,99.96,99.96,0.0
25,"2020/10/05, 17:00:00",99.96,99.96,99.96,99.96,0.0
26,"2020/10/06, 17:00:00",99.95,99.95,99.95,99.95,0.0
27,"2020/10/07, 17:00:00",99.945,99.945,99.945,99.945,0.0
28,"2020/10/08, 17:00:00",99.945,99.945,99.945,99.945,0.0
29,"2020/10/11, 17:00:00",99.94,99.94,99.94,99.94,0.0
30,"2020/10/12, 17:00:00",99.95,99.95,99.95,99.95,0.0
31,"2020/10/13, 17:00:00",99.95,99.95,99.95,99.95,0.0
32,"2020/10/14, 17:00:00",99.95,99.95,99.95,99.95,0.0
33,"2020/10/15, 17:00:00",99.945,99.945,99.945,99.945,0.0
34,"2020/10/18, 17:00:00",99.945,99.945,99.945,99.945,0.0
35,"2020/10/19, 17:00:00",99.94,99.94,99.94,99.94,0.0
36,"2020/10/20, 17:00:00",99.935,99.935,99.935,99.935,0.0
37,"2020/10/21, 17:00:00",99.93,99.93,99.93,99.93,0.0
38,"2020/10/22, 17:00:00",99.935,99.935,99.935,99.935,0.0
39,"2020/10/25, 17:00:00",99.945,99.945,99.945,99.945,0.0
40,"2020/10/26, 17:00:00",99.945,99.945,99.945,99.945,0.0
41,"2020/10/27, 17:00:00",99.945,99.945,99.945,99.945,0.0
42,"2020/10/28, 17:00:00",99.94,99.94,99.94,99.94,0.0
43,"2020/10/29, 17:00:00",99.935,99.935,99.935,99.935,0.0
44,"2020/11/01, 17:00:00",99.92,99.92,99.92,99.92,0.0
45,"2020/11/02, 17:00:00",99.915,99.915,99.915,99.915,0.0
46,"2020/11/03, 17:00:00",99.94,99.94,99.94,99.94,0.0
47,"2020/11/04, 17:00:00",99.93,99.93,99.93,99.93,0.0
48,"2020/11/05, 17:00:00",99.915,99.915,99.915,99.915,0.0
49,"2020/11/08, 17:00:00",99.875,99.875,99.875,99.875,0.0
50,"2020/11/09, 17:00:00",99.88,99.88,99.88,99.88,0.0
51,"2020/11/10, 17:00:00",99.88,99.88,99.88,99.88,0.0
52,"2020/11/11, 17:00:00",99.885,99.885,99.885,99.885,0.0
53,"2020/11/12, 17:00:00",99.88,99.88,99.88,99.88,0.0
54,"2020/11/15, 17:00:00",99.88,99.88,99.88,99.88,0.0
55,"2020/11/16, 17:00:00",99.88,99.88,99.88,99.88,0.0
56,"2020/11/17, 17:00:00",99.875,99.875,99.875,99.875,0.0
57,"2020/11/18, 17:00:00",99.88,99.88,99.88,99.88,0.0
58,"2020/11/19, 17:00:00",99.88,99.88,99.88,99.88,0.0
59,"2020/11/22, 17:00:00",99.875,99.875,99.875,99.875,0.0
60,"2020/11/23, 17:00:00",99.875,99.875,99.875,99.875,0.0
61,"2020/11/24, 17:00:00",99.875,99.875,99.875,99.875,0.0
62,"2020/11/25, 17:00:00",99.88,99.88,99.88,99.88,0.0
63,"2020/11/29, 17:00:00",99.88,99.88,99.88,99.88,0.0
64,"2020/11/30, 17:00:00",99.86,99.86,99.86,99.86,0.0
65,"2020/12/01, 17:00:00",99.855,99.855,99.855,99.855,0.0
66,"2020/12/02, 17:00:00",99.86,99.86,99.86,99.86,0.0
67,"2020/12/03, 17:00:00",99.85,99.85,99.85,99.85,0.0
68,"2020/12/06, 17:00:00",99.86,99.86,99.86,99.86,0.0
69,"2020/12/07, 17:00:00",99.855,99.855,99.855,99.855,0.0
70,"2020/12/08, 17:00:00",99.85,99.85,99.85,99.85,0.0
71,"2020/12/09, 17:00:00",99.85,99.85,99.85,99.85,0.0
72,"2020/12/10, 17:00:00",99.865,99.865,99.865,99.865,0.0
73,"2020/12/13, 17:00:00",99.855,99.855,99.855,99.855,0.0
74,"2020/12/14, 17:00:00",99.845,99.845,99.845,99.845,0.0
75,"2020/12/15, 17:00:00",99.845,99.845,99.845,99.845,0.0
76,"2020/12/16, 17:00:00",99.845,99.845,99.845,99.845,0.0
77,"2020/12/17, 17:00:00",99.85,99.85,99.85,99.85,0.0
78,"2020/12/20, 17:00:00",99.85,99.85,99.85,99.85,0.0
79,"2020/12/21, 17:00:00",99.85,99.85,99.85,99.85,0.0
80,"2020/12/22, 17:00:00",99.85,99.85,99.85,99.85,0.0
81,"2020/12/23, 17:00:00",99.855,99.855,99.855,99.855,0.0
82,"2020/12/27, 17:00:00",99.85,99.85,99.85,99.85,0.0
83,"2020/12/28, 17:00:00",99.85,99.85,99.85,99.85,0.0
84,"2020/12/29, 17:00:00",99.85,99.85,99.85,99.85,0.0
85,"2020/12/30, 17:00:00",99.86,99.86,99.86,99.86,0.0
86,"2021/01/03, 17:00:00",99.87,99.87,99.87,99.87,0.0
87,"2021/01/04, 17:00:00",99.87,99.87,99.87,99.87,0.0
88,"2021/01/05, 17:00:00",99.855,99.855,99.855,99.855,0.0
89,"2021/01/06, 17:00:00",99.845,99.845,99.845,99.845,0.0
90,"2021/01/07, 17:00:00",99.85,99.85,99.85,99.85,0.0
91,"2021/01/10, 17:00:00",99.85,99.85,99.85,99.85,0.0
92,"2021/01/11, 17:00:00",99.84,99.84,99.84,99.84,0.0
93,"2021/01/12, 17:00:00",99.84,99.84,99.84,99.84,0.0
94,"2021/01/13, 17:00:00",99.85,99.85,99.85,99.85,0.0
95,"2021/01/14, 17:00:00",99.84,99.84,99.84,99.84,0.0
96,"2021/01/17, 17:00:00",99.85,99.85,99.85,99.85,0.0
97,"2021/01/19, 17:00:00",99.86,99.86,99.86,99.86,0.0
98,"2021/01/20, 17:00:00",99.85,99.85,99.85,99.85,0.0
99,"2021/01/21, 17:00:00",99.85,99.85,99.85,99.85,0.0
100,"2021/01/24, 17:00:00",99.855,99.855,99.855,99.855,0.0
101,"2021/01/25, 17:00:00",99.855,99.855,99.855,99.855,0.0
102,"2021/01/26, 17:00:00",99.855,99.855,99.855,99.855,0.0
103,"2021/01/27, 17:00:00",99.845,99.845,99.845,99.845,0.0
104,"2021/01/28, 17:00:00",99.855,99.855,99.855,99.855,0.0
105,"2021/01/31, 17:00:00",99.86,99.86,99.86,99.86,0.0
106,"2021/02/01, 17:00:00",99.855,99.855,99.855,99.855,0.0
107,"2021/02/02, 17:00:00",99.85,99.85,99.85,99.85,0.0
108,"2021/02/03, 17:00:00",99.835,99.835,99.835,99.835,0.0
109,"2021/02/04, 17:00:00",99.83,99.83,99.83,99.83,0.0
110,"2021/02/07, 17:00:00",99.825,99.825,99.825,99.825,0.0
111,"2021/02/08, 17:00:00",99.825,99.825,99.825,99.825,0.0
112,"2021/02/09, 17:00:00",99.83,99.83,99.83,99.83,0.0
113,"2021/02/10, 17:00:00",99.835,99.835,99.835,99.835,0.0
114,"2021/02/11, 17:00:00",99.795,99.795,99.795,99.795,0.0
115,"2021/02/14, 17:00:00",99.775,99.775,99.775,99.775,0.0
116,"2021/02/16, 17:00:00",99.785,99.785,99.785,99.785,0.0
117,"2021/02/17, 17:00:00",99.785,99.785,99.785,99.785,0.0
118,"2021/02/18, 17:00:00",99.76,99.76,99.76,99.76,0.0
119,"2021/02/21, 17:00:00",99.76,99.76,99.76,99.76,0.0
120,"2021/02/22, 17:00:00",99.765,99.765,99.765,99.765,0.0
121,"2021/02/23, 17:00:00",99.765,99.765,99.765,99.765,0.0
122,"2021/02/24, 17:00:00",99.705,99.705,99.705,99.705,0.0
123,"2021/02/25, 17:00:00",99.705,99.705,99.705,99.705,0.0
124,"2021/02/28, 17:00:00",99.715,99.715,99.715,99.715,0.0
125,"2021/03/01, 17:00:00",99.72,99.72,99.72,99.72,0.0
126,"2021/03/02, 17:00:00",99.705,99.705,99.705,99.705,0.0
127,"2021/03/03, 17:00:00",99.695,99.695,99.695,99.695,0.0
128,"2021/03/04, 17:00:00",99.69,99.69,99.69,99.69,0.0
129,"2021/03/07, 17:00:00",99.675,99.675,99.675,99.675,0.0
130,"2021/03/08, 17:00:00",99.675,99.675,99.675,99.675,0.0
131,"2021/03/09, 17:00:00",99.69,99.69,99.69,99.69,0.0
132,"2021/03/10, 17:00:00",99.695,99.695,99.695,99.695,0.0
133,"2021/03/11, 17:00:00",99.685,99.685,99.685,99.685,0.0
134,"2021/03/14, 17:00:00",99.685,99.685,99.685,99.685,0.0
135,"2021/03/15, 17:00:00",99.69,99.69,99.69,99.69,0.0
136,"2021/03/16, 17:00:00",99.7,99.7,99.7,99.7,0.0
137,"2021/03/17, 17:00:00",99.685,99.685,99.685,99.685,0.0
138,"2021/03/18, 17:00:00",99.685,99.685,99.685,99.685,0.0
139,"2021/03/21, 17:00:00",99.68,99.68,99.68,99.68,0.0
140,"2021/03/22, 17:00:00",99.68,99.68,99.68,99.68,0.0
141,"2021/03/23, 17:00:00",99.685,99.685,99.685,99.685,0.0
142,"2021/03/24, 17:00:00",99.69,99.69,99.69,99.69,0.0
143,"2021/03/25, 17:00:00",99.68,99.68,99.68,99.68,0.0
144,"2021/03/28, 17:00:00",99.67,99.67,99.67,99.67,0.0
145,"2021/03/29, 17:00:00",99.64,99.64,99.64,99.64,0.0
146,"2021/03/30, 17:00:00",99.62,99.62,99.62,99.62,0.0
147,"2021/03/31, 17:00:00",99.61,99.61,99.61,99.61,0.0
148,"2021/04/04, 17:00:00",99.52,99.52,99.52,99.52,0.0
149,"2021/04/05, 17:00:00",99.55,99.55,99.55,99.55,0.0
150,"2021/04/06, 17:00:00",99.595,99.595,99.595,99.595,0.0
151,"2021/04/07, 17:00:00",99.605,99.605,99.605,99.605,0.0
152,"2021/04/08, 17:00:00",99.6,99.6,99.6,99.6,0.0
153,"2021/04/11, 17:00:00",99.59,99.59,99.59,99.59,0.0
154,"2021/04/12, 17:00:00",99.605,99.605,99.605,99.605,0.0
155,"2021/04/13, 17:00:00",99.595,99.595,99.595,99.595,0.0
156,"2021/04/14, 17:00:00",99.625,99.625,99.625,99.625,0.0
157,"2021/04/15, 17:00:00",99.61,99.61,99.61,99.61,0.0
158,"2021/04/18, 17:00:00",99.615,99.615,99.615,99.615,0.0
159,"2021/04/19, 17:00:00",99.63,99.63,99.63,99.63,0.0
160,"2021/04/20, 17:00:00",99.6,99.6,99.6,99.6,0.0
161,"2021/04/21, 17:00:00",99.6,99.6,99.6,99.6,0.0
162,"2021/04/22, 17:00:00",99.6,99.6,99.6,99.6,0.0
163,"2021/04/25, 17:00:00",99.565,99.565,99.565,99.565,0.0
164,"2021/04/26, 17:00:00",99.555,99.555,99.555,99.555,0.0
165,"2021/04/27, 17:00:00",99.565,99.565,99.565,99.565,0.0
166,"2021/04/28, 17:00:00",99.565,99.565,99.565,99.565,0.0
167,"2021/04/29, 17:00:00",99.565,99.565,99.565,99.565,0.0
168,"2021/05/02, 17:00:00",99.58,99.58,99.58,99.58,0.0
169,"2021/05/03, 17:00:00",99.58,99.58,99.58,99.58,0.0
170,"2021/05/04, 17:00:00",99.58,99.58,99.58,99.58,0.0
171,"2021/05/05, 17:00:00",99.595,99.595,99.595,99.595,0.0
172,"2021/05/06, 17:00:00",99.635,99.635,99.635,99.635,0.0
173,"2021/05/09, 17:00:00",99.635,99.635,99.635,99.635,0.0
174,"2021/05/10, 17:00:00",99.62,99.62,99.62,99.62,0.0
175,"2021/05/11, 17:00:00",99.585,99.585,99.585,99.585,0.0
176,"2021/05/12, 17:00:00",99.595,99.595,99.595,99.595,0.0
177,"2021/05/13, 17:00:00",99.595,99.595,99.595,99.595,0.0
178,"2021/05/16, 17:00:00",99.595,99.595,99.595,99.595,0.0
179,"2021/05/17, 17:00:00",99.595,99.595,99.595,99.595,0.0
180,"2021/05/18, 17:00:00",99.58,99.58,99.58,99.58,0.0
181,"2021/05/19, 17:00:00",99.59,99.59,99.59,99.59,0.0
182,"2021/05/20, 17:00:00",99.595,99.595,99.595,99.595,0.0
183,"2021/05/23, 17:00:00",99.59,99.59,99.59,99.59,0.0
184,"2021/05/24, 17:00:00",99.615,99.615,99.615,99.615,0.0
185,"2021/05/25, 17:00:00",99.605,99.605,99.605,99.605,0.0
186,"2021/05/26, 17:00:00",99.595,99.595,99.595,99.595,0.0
187,"2021/05/27, 17:00:00",99.595,99.595,99.595,99.595,0.0
188,"2021/05/30, 17:00:00",99.54,99.54,99.54,99.54,0.0
189,"2021/06/01, 17:00:00",99.55,99.55,99.55,99.55,0.0
190,"2021/06/02, 17:00:00",99.53,99.53,99.53,99.53,0.0
191,"2021/06/03, 17:00:00",99.555,99.555,99.555,99.555,0.0
192,"2021/06/06, 17:00:00",99.55,99.55,99.55,99.55,0.0
193,"2021/06/07, 17:00:00",99.555,99.555,99.555,99.555,0.0
194,"2021/06/08, 17:00:00",99.57,99.57,99.57,99.57,0.0
195,"2021/06/09, 17:00:00",99.585,99.585,99.585,99.585,0.0
196,"2021/06/10, 17:00:00",99.57,99.57,99.57,99.57,0.0
197,"2021/06/13, 17:00:00",99.555,99.555,99.555,99.555,0.0
198,"2021/06/14, 17:00:00",99.55,99.55,99.55,99.55,0.0
199,"2021/06/15, 17:00:00",99.485,99.485,99.485,99.485,0.0
200,"2021/06/16, 17:00:00",99.44,99.44,99.44,99.44,0.0
201,"2021/06/17, 17:00:00",99.395,99.395,99.395,99.395,0.0
202,"2021/06/20, 17:00:00",99.4,99.4,99.4,99.4,0.0
203,"2021/06/21, 17:00:00",99.41,99.41,99.41,99.41,0.0
204,"2021/06/22, 17:00:00",99.375,99.375,99.375,99.375,0.0
205,"2021/06/23, 17:00:00",99.35,99.35,99.35,99.35,0.0
206,"2021/06/24, 17:00:00",99.345,99.345,99.345,99.345,0.0
207,"2021/06/27, 17:00:00",99.355,99.355,99.355,99.355,0.0
208,"2021/06/28, 17:00:00",99.355,99.355,99.355,99.355,0.0
209,"2021/06/29, 17:00:00",99.35,99.35,99.35,99.35,0.0
210,"2021/06/30, 17:00:00",99.34,99.34,99.34,99.34,0.0
211,"2021/07/01, 17:00:00",99.38,99.38,99.38,99.38,0.0
212,"2021/07/04, 17:00:00",99.415,99.415,99.415,99.415,0.0
213,"2021/07/06, 17:00:00",99.435,99.435,99.435,99.435,0.0
214,"2021/07/07, 17:00:00",99.48,99.48,99.48,99.48,0.0
215,"2021/07/08, 17:00:00",99.45,99.45,99.45,99.45,0.0
216,"2021/07/11, 17:00:00",99.435,99.435,99.435,99.435,0.0
217,"2021/07/12, 17:00:00",99.38,99.38,99.38,99.38,0.0
218,"2021/07/13, 17:00:00",99.42,99.42,99.42,99.42,0.0
219,"2021/07/14, 17:00:00",99.425,99.425,99.425,99.425,0.0
220,"2021/07/15, 17:00:00",99.425,99.425,99.425,99.425,0.0
221,"2021/07/18, 17:00:00",99.49,99.49,99.49,99.49,0.0
222,"2021/07/19, 17:00:00",99.53,99.53,99.53,99.53,0.0
223,"2021/07/20, 17:00:00",99.5,99.5,99.5,99.5,0.0
224,"2021/07/21, 17:00:00",99.505,99.505,99.505,99.505,0.0
225,"2021/07/22, 17:00:00",99.505,99.505,99.505,99.505,0.0
226,"2021/07/25, 17:00:00",99.5,99.5,99.5,99.5,0.0
227,"2021/07/26, 17:00:00",99.515,99.515,99.515,99.515,0.0
228,"2021/07/27, 17:00:00",99.48,99.48,99.48,99.48,0.0
229,"2021/07/28, 17:00:00",99.505,99.505,99.505,99.505,0.0
230,"2021/07/29, 17:00:00",99.525,99.525,99.525,99.525,0.0
231,"2021/08/01, 17:00:00",99.55,99.55,99.55,99.55,0.0
232,"2021/08/02, 17:00:00",99.565,99.565,99.565,99.565,0.0
233,"2021/08/03, 17:00:00",99.535,99.535,99.535,99.535,5.0
234,"2021/08/04, 17:00:00",99.51,99.51,99.5,99.5,11.0
235,"2021/08/05, 17:00:00",99.45,99.45,99.45,99.45,0.0
236,"2021/08/08, 17:00:00",99.435,99.435,99.435,99.435,0.0
237,"2021/08/09, 17:00:00",99.39,99.39,99.39,99.39,0.0
238,"2021/08/10, 17:00:00",99.415,99.415,99.415,99.415,1.0
239,"2021/08/11, 17:00:00",99.395,99.395,99.395,99.395,0.0
240,"2021/08/12, 17:00:00",99.41,99.41,99.41,99.41,0.0
241,"2021/08/15, 17:00:00",99.44,99.44,99.44,99.44,0.0
242,"2021/08/16, 17:00:00",99.475,99.475,99.425,99.425,6.0
243,"2021/08/17, 17:00:00",99.425,99.425,99.425,99.425,10.0
244,"2021/08/18, 17:00:00",99.43,99.43,99.43,99.43,0.0
245,"2021/08/19, 17:00:00",99.425,99.425,99.425,99.425,0.0
246,"2021/08/22, 17:00:00",99.42,99.42,99.42,99.42,0.0
247,"2021/08/23, 17:00:00",99.415,99.415,99.415,99.415,0.0
248,"2021/08/24, 17:00:00",99.41,99.41,99.41,99.41,3.0
249,"2021/08/25, 17:00:00",99.405,99.405,99.405,99.405,0.0
250,"2021/08/26, 17:00:00",99.43,99.43,99.43,99.43,0.0
251,"2021/08/29, 17:00:00",99.45,99.45,99.45,99.45,0.0
252,"2021/08/30, 17:00:00",99.46,99.46,99.46,99.46,0.0
253,"2021/08/31, 17:00:00",99.46,99.46,99.46,99.46,0.0
254,"2021/09/01, 17:00:00",99.48,99.48,99.465,99.465,11.0
255,"2021/09/02, 17:00:00",99.48,99.48,99.48,99.48,0.0
256,"2021/09/05, 17:00:00",99.46,99.46,99.46,99.46,0.0
257,"2021/09/07, 17:00:00",99.465,99.465,99.465,99.465,0.0
258,"2021/09/08, 17:00:00",99.465,99.465,99.465,99.465,0.0
259,"2021/09/09, 17:00:00",99.45,99.45,99.45,99.45,0.0
260,"2021/09/12, 17:00:00",99.455,99.455,99.455,99.455,0.0
261,"2021/09/13, 17:00:00",99.455,99.47,99.455,99.465,6.0
262,"2021/09/14, 17:00:00",99.46,99.46,99.46,99.46,0.0
263,"2021/09/15, 17:00:00",99.44,99.44,99.44,99.44,11.0
264,"2021/09/16, 17:00:00",99.4,99.435,99.4,99.435,1.0
265,"2021/09/19, 17:00:00",99.445,99.445,99.445,99.445,0.0
266,"2021/09/20, 17:00:00",99.45,99.45,99.45,99.45,0.0
267,"2021/09/21, 17:00:00",99.395,99.395,99.395,99.395,0.0
268,"2021/09/22, 17:00:00",99.335,99.335,99.335,99.335,0.0
269,"2021/09/23, 17:00:00",99.305,99.305,99.305,99.305,0.0
270,"2021/09/26, 17:00:00",99.3,99.3,99.3,99.3,0.0
271,"2021/09/27, 17:00:00",99.28,99.295,99.28,99.295,1.0
272,"2021/09/28, 17:00:00",99.31,99.31,99.31,99.31,0.0
273,"2021/09/29, 17:00:00",99.32,99.32,99.32,99.32,0.0
274,"2021/09/30, 17:00:00",99.38,99.38,99.375,99.375,1.0
275,"2021/10/03, 17:00:00",99.37,99.37,99.37,99.37,0.0
276,"2021/10/04, 17:00:00",99.35,99.355,99.35,99.355,1.0
277,"2021/10/05, 17:00:00",99.325,99.325,99.325,99.325,0.0
278,"2021/10/06, 17:00:00",99.305,99.305,99.305,99.305,0.0
279,"2021/10/07, 17:00:00",99.275,99.275,99.275,99.275,0.0
280,"2021/10/10, 17:00:00",99.235,99.235,99.235,99.235,0.0
281,"2021/10/11, 17:00:00",99.21,99.21,99.21,99.21,0.0
282,"2021/10/12, 17:00:00",99.165,99.165,99.165,99.165,0.0
283,"2021/10/13, 17:00:00",99.185,99.185,99.185,99.185,0.0
284,"2021/10/14, 17:00:00",99.16,99.16,99.1,99.1,3.0
285,"2021/10/17, 17:00:00",99.0,99.03,99.0,99.03,1.0
286,"2021/10/18, 17:00:00",99.05,99.065,99.05,99.065,2.0
287,"2021/10/19, 17:00:00",99.08,99.08,99.075,99.075,2.0
288,"2021/10/20, 17:00:00",99.02,99.02,98.985,98.985,1.0
289,"2021/10/21, 17:00:00",98.945,98.945,98.945,98.945,0.0
290,"2021/10/24, 17:00:00",98.99,98.99,98.99,98.99,0.0
291,"2021/10/25, 17:00:00",98.98,98.98,98.98,98.98,0.0
292,"2021/10/26, 17:00:00",98.89,98.95,98.865,98.95,18.0
293,"2021/10/27, 17:00:00",98.89,98.96,98.89,98.94,29.0
294,"2021/10/28, 17:00:00",98.84,98.925,98.84,98.925,2.0
295,"2021/10/31, 17:00:00",98.905,98.905,98.905,98.905,0.0
296,"2021/11/01, 17:00:00",98.93,98.99,98.93,98.99,6.0
297,"2021/11/02, 17:00:00",98.95,98.95,98.95,98.95,0.0
298,"2021/11/03, 17:00:00",99.04,99.04,99.04,99.04,0.0
299,"2021/11/04, 17:00:00",99.05,99.09,99.05,99.09,2.0
300,"2021/11/07, 17:00:00",99.03,99.03,99.03,99.03,0.0
301,"2021/11/08, 17:00:00",99.065,99.065,99.065,99.065,0.0
302,"2021/11/09, 17:00:00",98.92,98.92,98.88,98.88,2.0
303,"2021/11/10, 17:00:00",98.81,98.81,98.81,98.81,0.0
304,"2021/11/11, 17:00:00",98.815,98.815,98.815,98.815,0.0
305,"2021/11/14, 17:00:00",98.8,98.82,98.8,98.82,1.0
306,"2021/11/15, 17:00:00",98.815,98.815,98.815,98.815,0.0
307,"2021/11/16, 17:00:00",98.825,98.83,98.825,98.825,12.0
308,"2021/11/17, 17:00:00",98.875,98.875,98.84,98.84,3.0
309,"2021/11/18, 17:00:00",98.845,98.845,98.845,98.845,0.0
310,"2021/11/21, 17:00:00",98.735,98.735,98.735,98.735,0.0
311,"2021/11/22, 17:00:00",98.73,98.765,98.73,98.765,2.0
312,"2021/11/23, 17:00:00",98.7,98.72,98.7,98.72,22.0
313,"2021/11/24, 17:00:00",98.86,98.92,98.86,98.905,2.0
314,"2021/11/28, 17:00:00",98.895,98.92,98.895,98.91,3.0
315,"2021/11/29, 17:00:00",98.965,99.0,98.86,98.885,18.0
316,"2021/11/30, 17:00:00",98.83,98.86,98.83,98.855,25.0
317,"2021/12/01, 17:00:00",98.8,98.8,98.795,98.795,6.0
318,"2021/12/02, 17:00:00",98.75,98.835,98.75,98.835,1.0
319,"2021/12/05, 17:00:00",98.81,98.81,98.79,98.79,2.0
320,"2021/12/06, 17:00:00",98.77,98.77,98.745,98.745,122.0
321,"2021/12/07, 17:00:00",98.765,98.765,98.765,98.765,5.0
322,"2021/12/08, 17:00:00",98.745,98.745,98.745,98.745,0.0
323,"2021/12/09, 17:00:00",98.725,98.775,98.715,98.775,110.0
324,"2021/12/12, 17:00:00",98.775,98.835,98.775,98.815,29.0
325,"2021/12/13, 17:00:00",98.785,98.815,98.785,98.795,54.0
326,"2021/12/14, 17:00:00",98.81,98.81,98.745,98.76,100.0
327,"2021/12/15, 17:00:00",98.805,98.865,98.795,98.865,57.0
328,"2021/12/16, 17:00:00",98.87,98.87,98.86,98.865,2.0
329,"2021/12/19, 17:00:00",98.925,98.925,98.9,98.9,37.0
330,"2021/12/20, 17:00:00",98.875,98.875,98.825,98.835,16.0
331,"2021/12/21, 17:00:00",98.835,98.835,98.835,98.835,8.0
332,"2021/12/22, 17:00:00",98.81,98.81,98.81,98.81,3.0
333,"2021/12/26, 17:00:00",98.78,98.79,98.78,98.79,7.0
334,"2021/12/27, 17:00:00",98.775,98.795,98.775,98.79,86.0
335,"2021/12/28, 17:00:00",98.77,98.78,98.77,98.78,14.0
336,"2021/12/29, 17:00:00",98.805,98.82,98.805,98.805,21.0
337,"2021/12/30, 17:00:00",98.83,98.83,98.82,98.82,54.0
338,"2022/01/02, 17:00:00",98.74,98.75,98.74,98.75,14.0
339,"2022/01/03, 17:00:00",98.75,98.78,98.75,98.77,3.0
340,"2022/01/04, 17:00:00",98.745,98.745,98.68,98.685,87.0
341,"2022/01/05, 17:00:00",98.645,98.66,98.625,98.63,73.0
342,"2022/01/06, 17:00:00",98.63,98.635,98.59,98.63,199.0
343,"2022/01/09, 17:00:00",98.585,98.585,98.58,98.58,3.0
344,"2022/01/10, 17:00:00",98.57,98.6,98.57,98.595,141.0
345,"2022/01/11, 17:00:00",98.6,98.605,98.595,98.595,7.0
346,"2022/01/12, 17:00:00",98.59,98.62,98.59,98.61,109.0
347,"2022/01/13, 17:00:00",98.58,98.58,98.51,98.52,195.0
348,"2022/01/16, 17:00:00",98.45,98.475,98.43,98.43,52.0
349,"2022/01/18, 17:00:00",98.47,98.475,98.465,98.465,13.0
350,"2022/01/19, 17:00:00",98.455,98.47,98.425,98.425,184.0
351,"2022/01/20, 17:00:00",98.515,98.53,98.515,98.515,10.0
352,"2022/01/23, 17:00:00",98.54,98.615,98.54,98.6,32.0
353,"2022/01/24, 17:00:00",98.55,98.6,98.535,98.55,96.0
354,"2022/01/25, 17:00:00",98.53,98.565,98.355,98.45,194.0
355,"2022/01/26, 17:00:00",98.355,98.365,98.315,98.325,207.0
356,"2022/01/27, 17:00:00",98.345,98.365,98.34,98.345,79.0
357,"2022/01/30, 17:00:00",98.31,98.365,98.3,98.365,1076.0
358,"2022/01/31, 17:00:00",98.36,98.41,98.345,98.375,51.0
359,"2022/02/01, 17:00:00",98.36,98.375,98.355,98.365,123.0
360,"2022/02/02, 17:00:00",98.355,98.355,98.29,98.325,15.0
361,"2022/02/03, 17:00:00",98.285,98.285,98.17,98.17,139.0
362,"2022/02/06, 17:00:00",98.18,98.2,98.18,98.19,60.0
363,"2022/02/07, 17:00:00",98.16,98.16,98.135,98.135,15.0
364,"2022/02/08, 17:00:00",98.13,98.145,98.115,98.135,250.0
365,"2022/02/09, 17:00:00",98.13,98.15,97.8,97.89,402.0
366,"2022/02/10, 17:00:00",97.875,98.03,97.84,97.97,681.0
367,"2022/02/13, 17:00:00",97.935,97.935,97.85,97.88,219.0
368,"2022/02/14, 17:00:00",97.87,97.905,97.86,97.905,36.0
369,"2022/02/15, 17:00:00",97.905,97.955,97.895,97.945,68.0
370,"2022/02/16, 17:00:00",97.98,98.0,97.98,98.0,275.0
371,"2022/02/17, 17:00:00",98.01,98.03,98.01,98.03,51.0
372,"2022/02/20, 17:00:00",98.035,98.035,97.91,97.925,253.0
373,"2022/02/22, 17:00:00",97.875,97.905,97.875,97.89,119.0
374,"2022/02/23, 17:00:00",97.945,98.005,97.945,97.95,140.0
375,"2022/02/24, 17:00:00",97.875,97.91,97.875,97.91,55.0
376,"2022/02/27, 17:00:00",98.03,98.13,98.005,98.125,349.0
377,"2022/02/28, 17:00:00",98.09,98.415,98.09,98.355,617.0
378,"2022/03/01, 17:00:00",98.27,98.27,98.045,98.065,251.0
379,"2022/03/02, 17:00:00",98.055,98.085,98.035,98.035,706.0
380,"2022/03/03, 17:00:00",98.09,98.17,98.09,98.11,271.0
381,"2022/03/06, 17:00:00",98.21,98.215,98.055,98.075,146.0
382,"2022/03/07, 17:00:00",98.065,98.065,97.96,97.96,303.0
383,"2022/03/08, 17:00:00",97.935,97.935,97.86,97.865,105.0
384,"2022/03/09, 17:00:00",97.85,97.865,97.795,97.82,192.0
385,"2022/03/10, 17:00:00",97.835,97.835,97.775,97.775,426.0
386,"2022/03/13, 17:00:00",97.7,97.7,97.635,97.645,337.0
387,"2022/03/14, 17:00:00",97.635,97.71,97.63,97.64,516.0
388,"2022/03/15, 17:00:00",97.615,97.63,97.405,97.46,499.0
389,"2022/03/16, 17:00:00",97.495,97.535,97.46,97.47,85.0
390,"2022/03/17, 17:00:00",97.515,97.535,97.44,97.44,389.0
391,"2022/03/20, 17:00:00",97.415,97.415,97.245,97.245,734.0
392,"2022/03/21, 17:00:00",97.21,97.25,97.185,97.245,258.0
393,"2022/03/22, 17:00:00",97.2,97.315,97.2,97.29,159.0
394,"2022/03/23, 17:00:00",97.265,97.27,97.24,97.265,270.0
395,"2022/03/24, 17:00:00",97.235,97.235,97.02,97.07,265.0
396,"2022/03/27, 17:00:00",97.045,97.055,96.915,97.0,240.0
397,"2022/03/28, 17:00:00",96.97,97.02,96.885,97.01,805.0
398,"2022/03/29, 17:00:00",97.02,97.06,96.98,97.025,418.0
399,"2022/03/30, 17:00:00",97.06,97.1,97.025,97.075,289.0
400,"2022/03/31, 17:00:00",96.975,96.985,96.855,96.905,846.0
401,"2022/04/03, 17:00:00",96.83,96.93,96.82,96.91,440.0
402,"2022/04/04, 17:00:00",96.89,96.89,96.77,96.815,262.0
403,"2022/04/05, 17:00:00",96.715,96.86,96.675,96.815,628.0
404,"2022/04/06, 17:00:00",96.885,96.91,96.855,96.86,195.0
405,"2022/04/07, 17:00:00",96.81,96.825,96.755,96.77,213.0
406,"2022/04/10, 17:00:00",96.745,96.815,96.685,96.805,230.0
407,"2022/04/11, 17:00:00",96.75,97.02,96.745,96.99,494.0
408,"2022/04/12, 17:00:00",96.955,97.12,96.925,97.045,628.0
409,"2022/04/13, 17:00:00",97.06,97.115,96.895,96.93,255.0
410,"2022/04/17, 17:00:00",96.895,96.93,96.89,96.91,101.0
411,"2022/04/18, 17:00:00",96.94,96.94,96.715,96.765,339.0
412,"2022/04/19, 17:00:00",96.74,96.79,96.695,96.75,254.0
413,"2022/04/20, 17:00:00",96.695,96.695,96.57,96.61,489.0
414,"2022/04/21, 17:00:00",96.59,96.675,96.54,96.62,403.0
415,"2022/04/24, 17:00:00",96.7,96.915,96.7,96.765,796.0
416,"2022/04/25, 17:00:00",96.73,96.96,96.73,96.87,1224.0
417,"2022/04/26, 17:00:00",96.88,96.965,96.81,96.855,477.0
418,"2022/04/27, 17:00:00",96.845,96.87,96.71,96.755,423.0
419,"2022/04/28, 17:00:00",96.745,96.77,96.61,96.675,657.0
420,"2022/05/01, 17:00:00",96.645,96.695,96.62,96.64,675.0
421,"2022/05/02, 17:00:00",96.615,96.665,96.575,96.59,1049.0
422,"2022/05/03, 17:00:00",96.575,96.765,96.49,96.765,1560.0
423,"2022/05/04, 17:00:00",96.72,96.74,96.595,96.635,779.0
424,"2022/05/05, 17:00:00",96.595,96.735,96.595,96.67,574.0
425,"2022/05/08, 17:00:00",96.6,96.875,96.585,96.81,633.0
426,"2022/05/09, 17:00:00",96.88,96.92,96.82,96.84,463.0
427,"2022/05/10, 17:00:00",96.84,96.925,96.71,96.855,853.0
428,"2022/05/11, 17:00:00",96.875,97.025,96.82,97.02,846.0
429,"2022/05/12, 17:00:00",96.975,96.985,96.9,96.935,391.0
430,"2022/05/15, 17:00:00",96.915,97.01,96.915,96.98,1341.0
431,"2022/05/16, 17:00:00",96.96,96.96,96.79,96.815,544.0
432,"2022/05/17, 17:00:00",96.83,96.865,96.765,96.855,414.0
433,"2022/05/18, 17:00:00",96.89,96.97,96.89,96.91,388.0
434,"2022/05/19, 17:00:00",96.89,96.99,96.89,96.955,1159.0
435,"2022/05/22, 17:00:00",96.94,96.96,96.9,96.915,308.0
436,"2022/05/23, 17:00:00",96.955,97.1,96.95,97.085,1582.0
437,"2022/05/24, 17:00:00",97.11,97.12,97.1,97.1,275.0
438,"2022/05/25, 17:00:00",97.165,97.165,97.075,97.09,270.0
439,"2022/05/26, 17:00:00",97.105,97.125,97.07,97.07,475.0
440,"2022/05/29, 17:00:00",97.04,97.04,96.96,96.99,867.0
441,"2022/05/31, 17:00:00",96.955,96.955,96.805,96.825,652.0
442,"2022/06/01, 17:00:00",96.805,96.84,96.795,96.83,524.0
443,"2022/06/02, 17:00:00",96.84,96.845,96.775,96.785,185.0
444,"2022/06/05, 17:00:00",96.77,96.77,96.695,96.715,563.0
445,"2022/06/06, 17:00:00",96.695,96.77,96.68,96.74,540.0
446,"2022/06/07, 17:00:00",96.715,96.725,96.68,96.705,833.0
447,"2022/06/08, 17:00:00",96.675,96.71,96.615,96.625,878.0
448,"2022/06/09, 17:00:00",96.615,96.615,96.32,96.355,2203.0
449,"2022/06/12, 17:00:00",96.275,96.275,95.945,96.065,2528.0
450,"2022/06/13, 17:00:00",95.97,96.16,95.95,96.035,2768.0
451,"2022/06/14, 17:00:00",96.05,96.335,96.05,96.22,3947.0
452,"2022/06/15, 17:00:00",96.24,96.4,96.07,96.32,449.0
453,"2022/06/16, 17:00:00",96.35,96.435,96.28,96.35,941.0
454,"2022/06/19, 17:00:00",96.26,96.355,96.24,96.35,442.0
455,"2022/06/21, 17:00:00",96.39,96.56,96.39,96.55,1226.0
456,"2022/06/22, 17:00:00",96.575,96.815,96.575,96.65,438.0
457,"2022/06/23, 17:00:00",96.65,96.72,96.59,96.635,344.0
458,"2022/06/26, 17:00:00",96.63,96.63,96.535,96.585,1952.0
459,"2022/06/27, 17:00:00",96.605,96.605,96.54,96.57,468.0
460,"2022/06/28, 17:00:00",96.6,96.65,96.535,96.615,1601.0
461,"2022/06/29, 17:00:00",96.665,96.835,96.665,96.825,1070.0
462,"2022/06/30, 17:00:00",96.805,97.09,96.805,96.95,1390.0
463,"2022/07/03, 17:00:00",96.93,97.07,96.845,97.035,2870.0
464,"2022/07/05, 17:00:00",97.01,97.08,96.83,96.875,1830.0
465,"2022/07/06, 17:00:00",96.84,96.885,96.745,96.76,1311.0
466,"2022/07/07, 17:00:00",96.775,96.82,96.645,96.645,681.0
467,"2022/07/10, 17:00:00",96.66,96.8,96.66,96.765,1067.0
468,"2022/07/11, 17:00:00",96.78,96.9,96.775,96.84,2280.0
469,"2022/07/12, 17:00:00",96.84,96.895,96.655,96.775,3016.0
470,"2022/07/13, 17:00:00",96.76,96.765,96.59,96.72,1515.0
471,"2022/07/14, 17:00:00",96.785,96.81,96.695,96.755,1182.0
472,"2022/07/17, 17:00:00",96.795,96.795,96.72,96.76,867.0
473,"2022/07/18, 17:00:00",96.77,96.77,96.645,96.675,2258.0
474,"2022/07/19, 17:00:00",96.665,96.75,96.65,96.66,1966.0
475,"2022/07/20, 17:00:00",96.665,96.875,96.66,96.865,1233.0
476,"2022/07/21, 17:00:00",96.835,97.105,96.795,97.0,1753.0
477,"2022/07/24, 17:00:00",97.005,97.01,96.925,96.925,2635.0
478,"2022/07/25, 17:00:00",96.965,96.99,96.89,96.93,567.0
479,"2022/07/26, 17:00:00",96.91,97.005,96.835,96.99,1664.0
480,"2022/07/27, 17:00:00",96.97,97.17,96.96,97.08,1129.0
481,"2022/07/28, 17:00:00",97.135,97.135,96.985,97.05,1848.0
482,"2022/07/31, 17:00:00",97.03,97.065,97.0,97.025,415.0
483,"2022/08/01, 17:00:00",97.065,97.135,96.815,96.83,2371.0
484,"2022/08/02, 17:00:00",96.87,96.88,96.675,96.76,1941.0
485,"2022/08/03, 17:00:00",96.8,96.88,96.745,96.845,3222.0
486,"2022/08/04, 17:00:00",96.825,96.83,96.585,96.6,3383.0
487,"2022/08/07, 17:00:00",96.59,96.66,96.59,96.63,3219.0
488,"2022/08/08, 17:00:00",96.635,96.655,96.535,96.54,2381.0
489,"2022/08/09, 17:00:00",96.56,96.765,96.5,96.59,3647.0
490,"2022/08/10, 17:00:00",96.59,96.665,96.515,96.54,3780.0
491,"2022/08/11, 17:00:00",96.545,96.58,96.48,96.48,1715.0
492,"2022/08/14, 17:00:00",96.47,96.56,96.46,96.54,1272.0
493,"2022/08/15, 17:00:00",96.555,96.555,96.48,96.505,2385.0
494,"2022/08/16, 17:00:00",96.49,96.49,96.36,96.43,2001.0
495,"2022/08/17, 17:00:00",96.445,96.52,96.4,96.48,1876.0
496,"2022/08/18, 17:00:00",96.44,96.455,96.42,96.445,1246.0
497,"2022/08/21, 17:00:00",96.43,96.455,96.305,96.315,2298.0
498,"2022/08/22, 17:00:00",96.335,96.455,96.305,96.36,1823.0
499,"2022/08/23, 17:00:00",96.385,96.39,96.305,96.32,1788.0
500,"2022/08/24, 17:00:00",96.35,96.4,96.32,96.32,1748.0
501,"2022/08/25, 17:00:00",96.315,96.365,96.24,96.3,3847.0
502,"2022/08/28, 17:00:00",96.27,96.3,96.17,96.245,2142.0
503,"2022/08/29, 17:00:00",96.275,96.285,96.145,96.18,2635.0
504,"2022/08/30, 17:00:00",96.2,96.205,96.135,96.185,2356.0
505,"2022/08/31, 17:00:00",96.135,96.18,96.095,96.12,1743.0
506,"2022/09/01, 17:00:00",96.115,96.28,96.115,96.275,3967.0
507,"2022/09/04, 17:00:00",96.31,96.31,96.145,96.15,2850.0
508,"2022/09/06, 17:00:00",96.155,96.235,96.15,96.215,2676.0
509,"2022/09/07, 17:00:00",96.225,96.26,96.165,96.185,2535.0
510,"2022/09/08, 17:00:00",96.165,96.23,96.1,96.1,3812.0
511,"2022/09/11, 17:00:00",96.105,96.16,96.09,96.11,3420.0
512,"2022/09/12, 17:00:00",96.14,96.18,95.815,95.85,10326.0
513,"2022/09/13, 17:00:00",95.845,95.87,95.735,95.795,3460.0
514,"2022/09/14, 17:00:00",95.775,95.785,95.685,95.69,3004.0
515,"2022/09/15, 17:00:00",95.67,95.75,95.645,95.74,2791.0
516,"2022/09/18, 17:00:00",95.71,95.71,95.615,95.645,7591.0
517,"2022/09/19, 17:00:00",95.645,95.66,95.59,95.63,9084.0
518,"2022/09/20, 17:00:00",95.63,95.68,95.43,95.56,6435.0
519,"2022/09/21, 17:00:00",95.415,95.52,95.39,95.395,12839.0
520,"2022/09/22, 17:00:00",95.405,95.45,95.28,95.325,10824.0
521,"2022/09/25, 17:00:00",95.305,95.415,95.2,95.345,7658.0
522,"2022/09/26, 17:00:00",95.37,95.52,95.37,95.465,7620.0
523,"2022/09/27, 17:00:00",95.5,95.735,95.46,95.675,19400.0
524,"2022/09/28, 17:00:00",95.61,95.64,95.5,95.625,11385.0
525,"2022/09/29, 17:00:00",95.615,95.66,95.52,95.605,4347.0
526,"2022/10/02, 17:00:00",95.575,95.755,95.575,95.67,5401.0
527,"2022/10/03, 17:00:00",95.695,95.815,95.63,95.66,7932.0
528,"2022/10/04, 17:00:00",95.68,95.68,95.565,95.605,4592.0
529,"2022/10/05, 17:00:00",95.6,95.63,95.48,95.51,6695.0
530,"2022/10/06, 17:00:00",95.475,95.49,95.38,95.41,2160.0
531,"2022/10/09, 17:00:00",95.425,95.425,95.34,95.36,900.0
532,"2022/10/10, 17:00:00",95.375,95.455,95.345,95.41,2996.0
533,"2022/10/11, 17:00:00",95.42,95.455,95.4,95.43,2134.0
534,"2022/10/12, 17:00:00",95.44,95.475,95.11,95.21,7788.0
535,"2022/10/13, 17:00:00",95.14,95.235,95.11,95.12,6581.0
536,"2022/10/16, 17:00:00",95.14,95.21,95.14,95.16,1708.0
537,"2022/10/17, 17:00:00",95.16,95.225,95.15,95.205,2911.0
538,"2022/10/18, 17:00:00",95.205,95.205,95.085,95.105,3402.0
539,"2022/10/19, 17:00:00",95.075,95.095,95.02,95.03,4326.0
540,"2022/10/20, 17:00:00",95.04,95.22,95.015,95.17,6480.0
541,"2022/10/23, 17:00:00",95.21,95.26,95.11,95.145,4456.0
542,"2022/10/24, 17:00:00",95.115,95.23,95.115,95.155,7077.0
543,"2022/10/25, 17:00:00",95.14,95.25,95.14,95.235,4517.0
544,"2022/10/26, 17:00:00",95.245,95.38,95.185,95.32,4849.0
545,"2022/10/27, 17:00:00",95.38,95.38,95.185,95.195,3790.0
546,"2022/10/30, 17:00:00",95.165,95.175,95.095,95.115,8348.0
547,"2022/10/31, 17:00:00",95.11,95.19,95.025,95.04,15964.0
548,"2022/11/01, 17:00:00",95.02,95.155,94.925,94.99,19707.0
549,"2022/11/02, 17:00:00",94.945,94.95,94.84,94.885,16697.0
550,"2022/11/03, 17:00:00",94.875,94.965,94.745,94.945,19124.0
551,"2022/11/06, 17:00:00",94.91,94.935,94.88,94.895,13050.0
552,"2022/11/07, 17:00:00",94.89,94.96,94.885,94.945,10295.0
553,"2022/11/08, 17:00:00",94.955,95.02,94.915,94.975,9188.0
554,"2022/11/09, 17:00:00",95.015,95.285,94.96,95.225,19772.0
555,"2022/11/10, 17:00:00",95.195,95.21,95.14,95.19,4311.0
556,"2022/11/13, 17:00:00",95.145,95.15,95.105,95.14,7764.0
557,"2022/11/14, 17:00:00",95.14,95.205,95.13,95.165,12055.0
558,"2022/11/15, 17:00:00",95.18,95.205,95.115,95.145,12417.0
559,"2022/11/16, 17:00:00",95.15,95.16,95.02,95.07,10674.0
560,"2022/11/17, 17:00:00",95.06,95.075,94.96,94.995,10373.0
561,"2022/11/20, 17:00:00",94.97,94.995,94.95,94.965,7630.0
562,"2022/11/21, 17:00:00",94.94,95.005,94.94,94.965,8500.0
563,"2022/11/22, 17:00:00",94.975,95.035,94.91,95.005,6940.0
564,"2022/11/23, 17:00:00",95.025,95.075,94.985,95.03,2203.0
565,"2022/11/27, 17:00:00",95.03,95.07,95.015,95.025,9972.0
566,"2022/11/28, 17:00:00",95.04,95.08,95.01,95.025,13295.0
567,"2022/11/29, 17:00:00",95.03,95.16,94.955,95.11,22678.0
568,"2022/11/30, 17:00:00",95.15,95.215,95.095,95.205,14900.0
569,"2022/12/01, 17:00:00",95.21,95.26,95.06,95.145,18195.0
570,"2022/12/04, 17:00:00",95.135,95.135,95.02,95.045,12307.0
571,"2022/12/05, 17:00:00",95.03,95.1,95.015,95.09,8142.0
572,"2022/12/06, 17:00:00",95.085,95.19,95.08,95.155,13819.0
573,"2022/12/07, 17:00:00",95.145,95.145,95.11,95.115,6991.0
574,"2022/12/08, 17:00:00",95.12,95.15,95.08,95.1,4698.0
575,"2022/12/11, 17:00:00",95.08,95.11,95.04,95.065,5162.0
576,"2022/12/12, 17:00:00",95.07,95.28,95.065,95.215,26083.0
577,"2022/12/13, 17:00:00",95.21,95.285,95.105,95.19,30611.0
578,"2022/12/14, 17:00:00",95.195,95.2,95.14,95.155,8073.0
579,"2022/12/15, 17:00:00",95.155,95.26,95.145,95.235,16456.0
580,"2022/12/18, 17:00:00",95.22,95.245,95.19,95.195,5632.0
581,"2022/12/19, 17:00:00",95.19,95.21,95.16,95.2,5172.0
582,"2022/12/20, 17:00:00",95.2,95.245,95.2,95.23,10772.0
583,"2022/12/21, 17:00:00",95.225,95.245,95.18,95.185,3326.0
584,"2022/12/22, 17:00:00",95.19,95.2,95.145,95.155,6405.0
585,"2022/12/26, 17:00:00",95.155,95.155,95.05,95.075,9657.0
586,"2022/12/27, 17:00:00",95.09,95.13,95.085,95.115,4384.0
587,"2022/12/28, 17:00:00",95.13,95.15,95.105,95.12,4164.0
588,"2022/12/29, 17:00:00",95.115,95.115,95.065,95.085,17470.0
589,"2023/01/02, 17:00:00",95.125,95.14,95.065,95.08,19582.0
590,"2023/01/03, 17:00:00",95.09,95.12,95.06,95.065,26276.0
591,"2023/01/04, 17:00:00",95.085,95.085,94.975,95.01,31512.0
592,"2023/01/05, 17:00:00",95.0,95.125,94.975,95.1,42854.0
593,"2023/01/08, 17:00:00",95.085,95.155,95.085,95.13,31752.0
594,"2023/01/09, 17:00:00",95.13,95.13,95.1,95.11,16611.0
595,"2023/01/10, 17:00:00",95.125,95.145,95.1,95.115,31830.0
596,"2023/01/11, 17:00:00",95.115,95.2,94.96,95.15,56709.0
597,"2023/01/12, 17:00:00",95.14,95.18,95.115,95.115,25586.0
598,"2023/01/15, 17:00:00",95.125,95.165,95.1,95.16,26198.0
599,"2023/01/17, 17:00:00",95.14,95.205,95.135,95.2,38109.0
600,"2023/01/18, 17:00:00",95.205,95.22,95.155,95.17,28019.0
601,"2023/01/19, 17:00:00",95.16,95.165,95.13,95.15,26206.0
602,"2023/01/22, 17:00:00",95.14,95.16,95.12,95.125,21323.0
603,"2023/01/23, 17:00:00",95.14,95.145,95.115,95.135,17908.0
604,"2023/01/24, 17:00:00",95.14,95.185,95.135,95.175,22108.0
605,"2023/01/25, 17:00:00",95.18,95.185,95.145,95.155,27428.0
606,"2023/01/26, 17:00:00",95.155,95.155,95.14,95.145,14767.0
607,"2023/01/29, 17:00:00",95.145,95.15,95.11,95.11,36851.0
608,"2023/01/30, 17:00:00",95.125,95.15,95.115,95.135,20551.0
609,"2023/01/31, 17:00:00",95.14,95.18,95.08,95.16,75643.0
610,"2023/02/01, 17:00:00",95.17,95.195,95.15,95.175,53066.0
611,"2023/02/02, 17:00:00",95.155,95.17,94.985,95.0,114937.0
612,"2023/02/05, 17:00:00",94.995,94.995,94.845,94.885,119555.0
613,"2023/02/06, 17:00:00",94.855,94.91,94.84,94.85,77679.0
614,"2023/02/07, 17:00:00",94.845,94.875,94.815,94.85,64644.0
615,"2023/02/08, 17:00:00",94.87,94.885,94.835,94.84,72103.0
616,"2023/02/09, 17:00:00",94.855,94.855,94.805,94.82,51691.0
617,"2023/02/12, 17:00:00",94.81,94.825,94.785,94.795,34929.0
618,"2023/02/13, 17:00:00",94.8,94.87,94.705,94.715,84441.0
619,"2023/02/14, 17:00:00",94.745,94.765,94.71,94.755,66291.0
620,"2023/02/15, 17:00:00",94.76,94.78,94.73,94.77,58478.0
621,"2023/02/16, 17:00:00",94.73,94.735,94.68,94.705,63042.0
622,"2023/02/19, 17:00:00",94.72,94.72,94.63,94.635,45726.0
623,"2023/02/21, 17:00:00",94.635,94.675,94.62,94.62,56867.0
624,"2023/02/22, 17:00:00",94.63,94.655,94.615,94.645,45901.0
625,"2023/02/23, 17:00:00",94.65,94.665,94.555,94.605,104494.0
626,"2023/02/26, 17:00:00",94.6,94.62,94.58,94.6,61600.0
627,"2023/02/27, 17:00:00",94.605,94.605,94.575,94.595,39391.0
628,"2023/02/28, 17:00:00",94.58,94.595,94.51,94.555,54683.0
629,"2023/03/01, 17:00:00",94.535,94.6,94.515,94.56,66385.0
630,"2023/03/02, 17:00:00",94.565,94.59,94.535,94.555,45525.0
631,"2023/03/05, 17:00:00",94.565,94.57,94.53,94.535,31988.0
632,"2023/03/06, 17:00:00",94.535,94.56,94.365,94.38,110849.0
633,"2023/03/07, 17:00:00",94.39,94.425,94.33,94.335,76441.0
634,"2023/03/08, 17:00:00",94.335,94.495,94.335,94.425,108682.0
635,"2023/03/09, 17:00:00",94.49,94.78,94.485,94.75,280086.0
636,"2023/03/12, 17:00:00",94.765,95.985,94.765,95.735,237948.0
637,"2023/03/13, 17:00:00",95.855,95.96,95.205,95.46,183165.0
638,"2023/03/14, 17:00:00",95.38,96.27,95.11,95.77,150926.0
639,"2023/03/15, 17:00:00",95.865,96.0,95.33,95.41,95533.0
640,"2023/03/16, 17:00:00",95.435,95.84,95.325,95.755,77356.0
641,"2023/03/19, 17:00:00",95.76,96.02,95.535,95.655,67897.0
642,"2023/03/20, 17:00:00",95.57,95.675,95.25,95.265,77076.0
643,"2023/03/21, 17:00:00",95.27,95.535,95.16,95.335,77163.0
644,"2023/03/22, 17:00:00",95.37,95.565,95.33,95.51,64985.0
645,"2023/03/23, 17:00:00",95.465,95.82,95.435,95.505,71183.0
646,"2023/03/26, 17:00:00",95.545,95.545,95.285,95.3,47014.0
647,"2023/03/27, 17:00:00",95.3,95.35,95.23,95.28,38840.0
648,"2023/03/28, 17:00:00",95.25,95.315,95.21,95.255,39901.0
649,"2023/03/29, 17:00:00",95.25,95.3,95.165,95.205,39458.0
650,"2023/03/30, 17:00:00",95.195,95.215,95.13,95.18,39871.0
651,"2023/04/02, 17:00:00",95.155,95.18,95.09,95.135,41394.0
652,"2023/04/03, 17:00:00",95.155,95.325,95.09,95.275,66892.0
653,"2023/04/04, 17:00:00",95.3,95.45,95.225,95.325,48648.0
654,"2023/04/05, 17:00:00",95.3,95.38,95.24,95.265,30800.0
655,"2023/04/06, 17:00:00",95.26,95.265,95.115,95.12,18913.0
656,"2023/04/09, 17:00:00",95.13,95.155,95.07,95.085,20883.0
657,"2023/04/10, 17:00:00",95.08,95.12,95.065,95.09,36634.0
658,"2023/04/11, 17:00:00",95.105,95.17,95.06,95.125,63780.0
659,"2023/04/12, 17:00:00",95.13,95.17,95.11,95.13,52992.0
660,"2023/04/13, 17:00:00",95.125,95.13,94.985,95.015,101431.0
661,"2023/04/16, 17:00:00",95.005,95.02,94.935,94.96,60501.0
662,"2023/04/17, 17:00:00",94.96,94.975,94.925,94.95,61142.0
663,"2023/04/18, 17:00:00",94.95,94.955,94.91,94.92,73729.0
664,"2023/04/19, 17:00:00",94.91,94.945,94.905,94.94,109509.0
665,"2023/04/20, 17:00:00",94.945,94.95,94.91,94.925,58785.0
666,"2023/04/23, 17:00:00",94.93,94.955,94.915,94.925,46463.0
667,"2023/04/24, 17:00:00",94.96,95.08,94.95,95.04,158570.0
668,"2023/04/25, 17:00:00",95.03,95.055,94.965,95.025,62140.0
669,"2023/04/26, 17:00:00",94.995,95.015,94.925,94.93,45903.0
670,"2023/04/27, 17:00:00",94.935,94.97,94.91,94.945,55138.0
671,"2023/04/30, 17:00:00",94.965,94.965,94.875,94.9,40472.0
672,"2023/05/01, 17:00:00",94.9,95.115,94.875,95.045,153818.0
673,"2023/05/02, 17:00:00",95.035,95.085,94.98,94.995,155736.0
674,"2023/05/03, 17:00:00",95.085,95.195,95.045,95.125,128462.0
675,"2023/05/04, 17:00:00",95.1,95.1,94.98,95.02,96437.0
676,"2023/05/07, 17:00:00",95.025,95.025,94.99,94.99,76488.0
677,"2023/05/08, 17:00:00",95.005,95.015,94.97,94.98,88184.0
678,"2023/05/09, 17:00:00",94.985,95.06,94.95,95.04,96446.0
679,"2023/05/10, 17:00:00",95.04,95.07,95.005,95.025,88479.0
680,"2023/05/11, 17:00:00",95.035,95.04,94.985,94.985,71062.0
681,"2023/05/14, 17:00:00",94.99,95.005,94.965,94.975,57462.0
682,"2023/05/15, 17:00:00",94.975,94.99,94.93,94.955,87873.0
683,"2023/05/16, 17:00:00",94.96,94.97,94.91,94.92,65382.0
684,"2023/05/17, 17:00:00",94.92,94.93,94.84,94.855,117008.0
685,"2023/05/18, 17:00:00",94.855,94.91,94.815,94.87,139523.0
686,"2023/05/21, 17:00:00",94.875,94.9,94.81,94.82,125182.0
687,"2023/05/22, 17:00:00",94.825,94.835,94.78,94.795,112173.0
688,"2023/05/23, 17:00:00",94.8,94.82,94.7,94.74,185899.0
689,"2023/05/24, 17:00:00",94.72,94.745,94.645,94.67,205537.0
690,"2023/05/25, 17:00:00",94.675,94.725,94.655,94.665,114119.0
691,"2023/05/28, 17:00:00",94.665,94.7,94.64,94.655,89901.0
692,"2023/05/30, 17:00:00",94.665,94.74,94.66,94.71,186276.0
693,"2023/05/31, 17:00:00",94.72,94.775,94.7,94.755,131194.0
694,"2023/06/01, 17:00:00",94.75,94.755,94.68,94.705,139443.0
695,"2023/06/04, 17:00:00",94.705,94.76,94.695,94.72,100992.0
696,"2023/06/05, 17:00:00",94.735,94.74,94.71,94.73,60870.0
697,"2023/06/06, 17:00:00",94.74,94.745,94.69,94.725,143281.0
698,"2023/06/07, 17:00:00",94.72,94.745,94.7,94.725,96250.0
699,"2023/06/08, 17:00:00",94.725,94.73,94.705,94.705,63728.0
700,"2023/06/11, 17:00:00",94.705,94.73,94.69,94.695,108513.0
701,"2023/06/12, 17:00:00",94.7,94.77,94.645,94.745,262747.0
702,"2023/06/13, 17:00:00",94.75,94.77,94.675,94.76,334030.0
703,"2023/06/14, 17:00:00",94.765,94.765,94.74,94.755,170735.0
704,"2023/06/15, 17:00:00",94.755,94.76,94.735,94.74,118176.0
705,"2023/06/18, 17:00:00",94.745,94.75,94.73,94.735,84135.0
706,"2023/06/20, 17:00:00",94.73,94.745,94.72,94.735,143798.0
707,"2023/06/21, 17:00:00",94.745,94.75,94.7,94.74,153341.0
708,"2023/06/22, 17:00:00",94.74,94.75,94.735,94.745,59863.0
709,"2023/06/25, 17:00:00",94.745,94.755,94.735,94.74,48274.0
710,"2023/06/26, 17:00:00",94.74,94.745,94.73,94.74,72582.0
711,"2023/06/27, 17:00:00",94.74,94.75,94.725,94.735,113147.0
712,"2023/06/28, 17:00:00",94.735,94.74,94.71,94.715,109826.0
713,"2023/06/29, 17:00:00",94.715,94.725,94.71,94.72,64299.0
714,"2023/07/02, 17:00:00",94.72,94.725,94.71,94.715,52720.0
715,"2023/07/03, 17:00:00",94.715,94.72,94.71,94.71,52889.0
716,"2023/07/05, 17:00:00",94.71,94.715,94.695,94.705,164433.0
717,"2023/07/06, 17:00:00",94.71,94.725,94.695,94.7,100871.0
718,"2023/07/09, 17:00:00",94.7,94.705,94.7,94.7,21351.0
719,"2023/07/10, 17:00:00",94.7,94.705,94.695,94.7,72428.0
720,"2023/07/11, 17:00:00",94.7,94.715,94.695,94.7,221144.0
721,"2023/07/12, 17:00:00",94.7,94.71,94.695,94.7,99682.0
722,"2023/07/13, 17:00:00",94.705,94.705,94.69,94.69,57783.0
723,"2023/07/16, 17:00:00",94.695,94.695,94.685,94.685,31674.0
724,"2023/07/17, 17:00:00",94.685,94.69,94.68,94.685,46352.0
725,"2023/07/18, 17:00:00",94.685,94.69,94.68,94.685,22863.0
726,"2023/07/19, 17:00:00",94.685,94.685,94.68,94.685,39376.0
727,"2023/07/20, 17:00:00",94.685,94.685,94.68,94.685,15698.0
728,"2023/07/23, 17:00:00",94.685,94.685,94.675,94.68,38078.0
729,"2023/07/24, 17:00:00",94.675,94.68,94.675,94.675,36010.0
730,"2023/07/25, 17:00:00",94.675,94.68,94.67,94.675,241002.0
731,"2023/07/26, 17:00:00",94.675,94.675,94.67,94.675,65436.0
732,"2023/07/27, 17:00:00",94.675,94.675,94.67,94.67,44848.0
733,"2023/07/30, 17:00:00",94.6725,94.675,94.67,94.6725,43503.0
734,"2023/07/31, 17:00:00",94.67,94.675,94.67,94.67,22464.0
735,"2023/08/01, 17:00:00",94.6725,94.6725,94.67,94.67,13773.0
736,"2023/08/02, 17:00:00",94.6725,94.6725,94.67,94.67,19411.0
737,"2023/08/03, 17:00:00",94.6725,94.675,94.67,94.6725,45406.0
738,"2023/08/06, 17:00:00",94.6725,94.675,94.67,94.6725,24714.0
739,"2023/08/07, 17:00:00",94.6725,94.675,94.67,94.67,23433.0
740,"2023/08/08, 17:00:00",94.67,94.6725,94.67,94.67,2662.0
741,"2023/08/09, 17:00:00",94.67,94.6725,94.67,94.6725,54823.0
742,"2023/08/10, 17:00:00",94.67,94.6725,94.67,94.67,13101.0
743,"2023/08/13, 17:00:00",94.6725,94.6725,94.67,94.67,8049.0
744,"2023/08/14, 17:00:00",94.6725,94.6725,94.67,94.67,3902.0
745,"2023/08/15, 17:00:00",94.67,94.6725,94.67,94.67,3123.0
746,"2023/08/16, 17:00:00",94.67,94.6725,94.67,94.67,4253.0
747,"2023/08/17, 17:00:00",94.6725,94.6725,94.67,94.6725,9918.0
748,"2023/08/20, 17:00:00",94.67,94.6725,94.67,94.67,12662.0
749,"2023/08/21, 17:00:00",94.67,94.6725,94.67,94.67,4599.0
750,"2023/08/22, 17:00:00",94.6725,94.6725,94.67,94.67,1698.0
751,"2023/08/23, 17:00:00",94.67,94.6725,94.67,94.6725,9695.0
752,"2023/08/24, 17:00:00",94.6725,94.6725,94.67,94.67,8681.0
753,"2023/08/27, 17:00:00",94.67,94.6725,94.67,94.67,1285.0
754,"2023/08/28, 17:00:00",94.6725,94.6725,94.67,94.67,1699.0
755,"2023/08/29, 17:00:00",94.67,94.6725,94.67,94.67,2071.0
756,"2023/08/30, 17:00:00",94.67,94.6725,94.67,94.67,7228.0
757,"2023/08/31, 17:00:00",94.67,94.67,94.67,94.67,0.0
